<?xml version="1.0" encoding="UTF-8"?>

<!-- Rabina Shrestha C13 20049416-->

<!--Linking External CSS File to XML File.-->
<?xml-stylesheet type="text/css" href="catalog_20049416.css"?>
<!-- Importing Google Font -->
<!--This file contains data for an online gift shop.-->

<!--Creating the Root Element and Linking the External Schema.-->
<meyocoGiftShop xmlns:xsi="http://www.w3.org/2001/XMLSchema-instance" xsi:noNamespaceSchemaLocation="catalog_20049416.xsd">

    <!--Creating the Navigation Bar.-->
    <nav>
        <logo type="logo"></logo>
        <navContent>
            <shop> Shop </shop>
            <pageGiftCard status="Active"> Gift Cards </pageGiftCard>
            <tracker> Gift Tracker </tracker>
            <cart> Cart </cart>
            <login> Login </login>
        </navContent>
    </nav>
    <borderDesign>        
        <!-- Store Details-->
        <store>
            <storeName storeid="MGS1">
                <storeName1>Meyoco</storeName1>
                <storeGiftShop>Gift Cards</storeGiftShop>
            </storeName>
            <phone>+44 20 7423 0000</phone>
            <address>
                <countryCity>City: London N7 8DB, UK</countryCity>
                <street>Street: 166-220 Holloway Rd</street>
            </address>
        </store>

        <!-- Gift Cards Starts Here-->
        <division>
            <divisionName>New Collection 🌙</divisionName>
            <giftCards>
                <!-- Gift Card 1-->
                <giftCard category="Moon" giftCardId="gc-n1">
                    <card cardImage="c1" />
                    <productDetails>
                        <productName>Beyond the Moon</productName>
                        <validity>
                            <validPeriod period="years">Valid for 5 months</validPeriod>
                            <validRegion location="country">Global</validRegion>
                        </validity>
                        <productDescription>Beyond the Moon Gift Card can be spent on any moon collection products!</productDescription>
                        <type>Type: eGift Card</type>
                        <cost currency="Pound">Price: £25</cost>
                        <paymentType>
                            <online>Online Payment</online>
                        </paymentType>
                        <refundablilty>
                            <refundable>Refundable? No</refundable>
                        </refundablilty>
                        <discount>10% OFF</discount>
                        <cashBack>Cash Back: 1%</cashBack>
                        <noOfUsers>Users: 1</noOfUsers>
                        <availability>In Stock: 5</availability>
                        <rating>Rating: 5 Star</rating>
                    </productDetails>
                    <button>Add to Cart</button>
                </giftCard>
                <!-- Gift Card 2-->
                <giftCard category="Ethereal" giftCardId="gc-n2">
                    <card cardImage="c2" />
                    <productDetails>
                        <productName>Moon Goddess</productName>
                        <validity>
                            <validPeriod period="years">Valid for 3 years</validPeriod>
                            <validRegion location="country">UK</validRegion>
                        </validity>
                        <productDescription>Moon Goddess Gift Card can be spent on any ethereal or moon collection products in UK!</productDescription>
                        <type>Type: eGift Card / Physical</type>
                        <cost currency="Pound">Price: £500</cost>
                        <paymentType>
                            <online>Online Payment</online>
                            <cOD>Cash on Delivery</cOD>
                        </paymentType>
                        <refundablilty>
                            <refundable>Refundable? Yes</refundable>
                            <refundableTime>Refundable till 25 days</refundableTime>
                        </refundablilty>                        
                        <noOfUsers>Users: 3</noOfUsers>
                        <availability>In Stock: 7</availability>
                        <rating>Rating: 5 Star</rating>
                    </productDetails>
                    <button>Add to Cart</button>
                </giftCard>
                <!-- Gift Card 3-->
                <giftCard category="Cloud" giftCardId="gc-n3">
                    <card cardImage="c3" />
                    <productDetails>
                        <productName>Curtain of Cloud</productName>
                        <validity>
                            <validPeriod period="years">Valid for 1 year</validPeriod>
                            <validRegion location="country">US</validRegion>
                        </validity>
                        <productDescription>Curtain of Cloud Gift Card can be spent on any cloud or moon collection products in US!</productDescription>
                        <type>Type: eGift Card / Physical</type>
                        <cost currency="Dollar">Price: $100</cost>
                        <paymentType>
                            <online>Online Payment</online>
                            <cOD>Cash on Delivery</cOD>
                        </paymentType>
                        <refundablilty>
                            <refundable>Refundable? Yes</refundable>
                            <refundableTime>Refundable till 10 days</refundableTime>
                        </refundablilty>
                        <cashBack>Cash Back: 2%</cashBack>
                        <noOfUsers>Users: 2</noOfUsers>                        
                        <availability>In Stock: 10</availability>
                        <rating>Rating: 4 Star</rating>
                    </productDetails>
                    <button>Add to Cart</button>
                </giftCard>
                <!-- Gift Card 4-->
                <giftCard category="Moon" giftCardId="gc-n4">
                    <card cardImage="c1" />
                    <productDetails>
                        <productName>Moonlight</productName>
                        <validity>
                            <validPeriod period="years">Valid for 6 months</validPeriod>
                            <validRegion location="country">Global</validRegion>
                        </validity>
                        <productDescription>Beyond the Moon Gift Card can be spent on any moon collection products!</productDescription>
                        <type>Type: eGift Card</type>
                        <cost currency="Pound">Price: £50</cost>
                        <paymentType>
                            <online>Online Payment</online>
                        </paymentType>
                        <refundablilty>
                            <refundable>Refundable? No</refundable>
                        </refundablilty>
                        <discount>7% OFF</discount>
                        <cashBack>Cash Back: 3%</cashBack>
                        <noOfUsers>Users: 1</noOfUsers>                
                        <availability>In Stock: 12</availability>
                        <rating>Rating: 3 Star</rating>
                    </productDetails>
                    <button>Add to Cart</button>
                </giftCard>
            </giftCards>
        </division>
        <division>
            <divisionName> Movie Edition 🎥</divisionName>
            <giftCards>
                <!-- Gift Card 5-->
                <giftCard category="Aquamarine" giftCardId="gc-n5">
                    <card cardImage="c5" />
                    <productDetails>
                        <productName>Blue Mermaid</productName>
                        <validity>
                            <validPeriod period="years">Valid for 1 year</validPeriod>
                            <validRegion location="country">UK</validRegion>
                        </validity>
                        <productDescription>Blue Mermaid Gift Card can be spent on any aquamarine related products in UK!</productDescription>
                        <type>Type: eGift Card / Physical</type>
                        <cost currency="Pound">Price: £100</cost>
                        <paymentType>
                            <online>Online Payment</online>
                            <cOD>Cash on Delivery</cOD>
                        </paymentType>
                        <refundablilty>
                            <refundable>Refundable? No</refundable>
                            <refundableTime>Refundable till 5 days</refundableTime>
                        </refundablilty>
                        <discount>5% OFF</discount>
                        <noOfUsers>Users: 2</noOfUsers>
                        <availability>In Stock: 8</availability>
                        <rating>Rating: 5 Star</rating>
                    </productDetails>
                    <button>Add to Cart</button>
                </giftCard>
                <!-- Gift Card 6-->
                <giftCard category="Ghibli" giftCardId="gc-n6">
                    <card cardImage="c6" />
                    <productDetails>
                        <productName>Howl's Moving Castle: Spohie</productName>
                        <validity>
                            <validPeriod period="years">Valid for 2 years</validPeriod>
                            <validRegion location="country">Global</validRegion>
                        </validity>
                        <productDescription>Howl's Moving Castle: Sophie Gift Card can be spent on any ghibli product!</productDescription>
                        <type>Type: eGift Card</type>
                        <cost currency="Pound">Price: £700</cost>
                        <paymentType>
                            <online>Online Payment</online>
                        </paymentType>
                        <refundablilty>
                            <refundable>Refundable? Yes</refundable>
                            <refundableTime>Refundable till 1 month</refundableTime>
                        </refundablilty>
                        <discount>20% OFF</discount>
                        <cashBack>Cash Back: 7%</cashBack>
                        <noOfUsers>Users: 5</noOfUsers>                        
                        <availability>In Stock: 13</availability>
                        <rating>Rating: 5 Star</rating>
                    </productDetails>
                    <button>Add to Cart</button>
                </giftCard>
                <!-- Gift Card 7-->
                <giftCard category="Ghibli" giftCardId="gc-n7">
                    <card cardImage="c7" />
                    <productDetails>
                        <productName>Howl's Moving Castle</productName>
                        <validity>
                            <validPeriod period="years">Valid for 1 years</validPeriod>
                            <validRegion location="country">Global</validRegion>
                        </validity>
                        <productDescription>Howl's Moving Castle Gift Card can be spent on any ghibli product!</productDescription>
                        <type>Type: eGift Card / Physical</type>
                        <cost currency="Pound">Price: £400</cost>
                        <paymentType>
                            <online>Online Payment</online>
                            <cOD>Cash on Delivery</cOD>
                        </paymentType>
                        <refundablilty>
                            <refundable>Refundable? Yes</refundable>
                            <refundableTime>Refundable till 20 days</refundableTime>
                        </refundablilty>
                        <cashBack>Cash Back: 2%</cashBack>
                        <noOfUsers>Users: 3</noOfUsers>
                        <availability>In Stock: 6</availability>
                        <rating>Rating: 4 Star</rating>
                    </productDetails>
                    <button>Add to Cart</button>
                </giftCard>
                <!-- Gift Card 8-->
                <giftCard category="Ocean Blue" giftCardId="gc-n8">
                    <card cardImage="c8" />
                    <productDetails>
                        <productName>Merman Link</productName>
                        <validity>
                            <validPeriod period="months">Valid for 6 months</validPeriod>
                            <validRegion location="country">US</validRegion>
                        </validity>
                        <productDescription>Ocean Blue Gift Card can be spent on any ocean related products in US!</productDescription>
                        <type>Type: eGift Card</type>
                        <cost currency="Dollar">Price: $200</cost>
                        <paymentType>
                            <online>Online Payment</online>
                        </paymentType>
                        <refundablilty>
                            <refundable>Refundable? Yes</refundable>
                            <refundableTime>Refundable till 12 days</refundableTime>
                        </refundablilty>
                        <discount>5% OFF</discount>
                        <noOfUsers>Users: 1</noOfUsers>
                        <availability>In Stock: 2</availability>
                        <rating>Rating: 5 Star</rating>
                    </productDetails>
                    <button>Add to Cart</button>
                </giftCard>
            </giftCards>
        </division>
        <division>
            <divisionName> Seasonal Change 🌸 </divisionName>
            <giftCards>
                <!-- Gift Card 9-->
                <giftCard category="Daisy" giftCardId="gc-n9">
                    <card cardImage="c9" />
                    <productDetails>
                        <productName>Daisy Umbrella</productName>
                        <validity>
                            <validPeriod period="months">Valid for 6 months</validPeriod>
                            <validRegion location="country">UK</validRegion>
                        </validity>
                        <productDescription>Daisy Umbrella Gift Card can be spent on any daisy collection products in UK!</productDescription>
                        <type>Type: eGift Card / Physical</type>
                        <cost currency="Pound">Price: £100</cost>
                        <paymentType>
                            <online>Online Payment</online>
                            <cOD>Cash on Delivery</cOD>
                        </paymentType>
                        <refundablilty>
                            <refundable>Refundable? No</refundable>
                        </refundablilty>
                        <noOfUsers>Users: 2</noOfUsers>
                        <availability>In Stock: 2</availability>
                        <rating>Rating: 5 Star</rating>
                    </productDetails>
                    <button>Add to Cart</button>
                </giftCard>
                <!-- Gift Card 10-->
                <giftCard category="Summer" giftCardId="gc-n10">
                    <card cardImage="c10" />
                    <productDetails>
                        <productName>Watermelon Fan</productName>
                        <validity>
                            <validPeriod period="months">Valid for 3 months</validPeriod>
                            <validRegion location="country">Global</validRegion>
                        </validity>
                        <productDescription>Watermelon Fan Gift Card can be spent on any summer collection products!</productDescription>
                        <type>Type: eGift Card</type>
                        <cost currency="Pound">Price: £100</cost>
                        <paymentType>
                            <online>Online Payment</online>
                        </paymentType>
                        <refundablilty>
                            <refundable>Refundable? No</refundable>
                        </refundablilty>
                        <noOfUsers>Users: 1</noOfUsers>
                        <availability>In Stock: 7</availability>
                        <rating>Rating: 5 Star</rating>
                    </productDetails>
                    <button>Add to Cart</button>
                </giftCard>
                <!-- Gift Card 11-->
                <giftCard category="Summer" giftCardId="gc-n11">
                    <card cardImage="c11" />
                    <productDetails>
                        <productName>Watermelon Backpack</productName>
                        <validity>
                            <validPeriod period="months">Valid for 8 months</validPeriod>
                            <validRegion location="country">US</validRegion>
                        </validity>
                        <productDescription>Watermelon Backpack Gift Card can be spent on any summer collection products in US!</productDescription>
                        <type>Type: eGift Card / Physical</type>
                        <cost currency="Dollar">Price: $200</cost>
                        <paymentType>
                            <online>Online Payment</online>
                            <cOD>Cash on Delivery</cOD>
                        </paymentType>
                        <refundablilty>
                            <refundable>Refundable? Yes</refundable>
                            <refundableTime>Refundable till 15 days</refundableTime>
                        </refundablilty>
                        <noOfUsers>Users: 1</noOfUsers>
                        <availability>In Stock: 1</availability>
                        <rating>Rating: 4 Star</rating>
                    </productDetails>
                    <button>Add to Cart</button>
                </giftCard>
                <!-- Gift Card 12-->
                <giftCard category="Daisy" giftCardId="gc-n12">
                    <card cardImage="c12" />
                    <productDetails>
                        <productName>Daisy</productName>
                        <validity>
                            <validPeriod period="years">Valid for 1 year</validPeriod>
                            <validRegion location="country">UK</validRegion>
                        </validity>
                        <productDescription>Daisy Gift Card can be spent on any moon collection products in UK!</productDescription>
                        <type>Type: eGift Card / Physical</type>
                        <cost currency="Pound">Price: £250</cost>
                        <paymentType>
                            <online>Online Payment</online>
                            <cOD>Cash on Delivery</cOD>
                        </paymentType>
                        <refundablilty>
                            <refundable>Refundable? No</refundable>
                        </refundablilty>
                        <discount>25% OFF</discount>
                        <noOfUsers>Users: 1</noOfUsers>
                        <availability>In Stock: 13</availability>
                        <rating>Rating: 3 Star</rating>
                    </productDetails>
                    <button>Add to Cart</button>
                </giftCard>
            </giftCards>
        </division>
        <division>
            <divisionName> Customer's Favourite ✨ </divisionName>
            <giftCards>
                <!-- Gift Card 13-->
                <giftCard category="Ocean Blue" giftCardId="gc-n13">
                    <card cardImage="c13" />
                    <productDetails>
                        <productName>Ocean Dress</productName>
                        <validity>
                            <validPeriod period="months">Valid for 8 months</validPeriod>
                            <validRegion location="country">US</validRegion>
                        </validity>
                        <productDescription>Ocean Dress Gift Card can be spent on any ocean related products in US!</productDescription>
                        <type>Type: eGift Card</type>
                        <cost currency="Dollar">Price: $150</cost>
                        <paymentType>
                            <online>Online Payment</online>
                        </paymentType>
                        <refundablilty>
                            <refundable>Refundable? Yes</refundable>
                            <refundableTime>Refundable till 4 days</refundableTime>
                        </refundablilty>
                        <noOfUsers>Users: 2</noOfUsers>
                        <availability>In Stock: 2</availability>
                        <rating>Rating: 5 Star</rating>
                    </productDetails>
                    <button>Add to Cart</button>
                </giftCard>
                <!-- Gift Card 14-->
                <giftCard category="Moon" giftCardId="gc-n14">
                    <card cardImage="c14" />
                    <productDetails>
                        <productName>Moon Eclipse</productName>
                        <validity>
                            <validPeriod period="years">Valid for 2 years</validPeriod>
                            <validRegion location="country">Global</validRegion>
                        </validity>
                        <productDescription>Moon Eclipse Gift Card can be spent on any moon collection products!</productDescription>
                        <type>Type: eGift Card</type>
                        <cost currency="Pound">Price: £1500</cost>
                        <paymentType>
                            <online>Online Payment</online>
                        </paymentType>
                        <refundablilty>
                            <refundable>Refundable? Yes</refundable>
                            <refundableTime>Refundable till 10 days</refundableTime>
                        </refundablilty>
                        <cashBack>Cash Back: 2%</cashBack>
                        <noOfUsers>Users: 4</noOfUsers>
                        <availability>In Stock: 5</availability>
                        <rating>Rating: 3 Star</rating>
                    </productDetails>
                    <button>Add to Cart</button>
                </giftCard>
                <!-- Gift Card 15-->
                <giftCard category="Ethereal" giftCardId="gc-n15">
                    <card cardImage="c15" />
                    <productDetails>
                        <productName>Home</productName>
                        <validity>
                            <validPeriod period="months">Valid for 1 month</validPeriod>
                            <validRegion location="country">UK</validRegion>
                        </validity>
                        <productDescription>Home Gift Card can be spent on any products in UK!</productDescription>
                        <type>Type: eGift Card</type>
                        <cost currency="Pound">Price: £100</cost>
                        <paymentType>
                            <online>Online Payment</online>
                        </paymentType>
                        <refundablilty>
                            <refundable>Refundable? No</refundable>
                        </refundablilty>
                        <noOfUsers>Users: 1</noOfUsers>
                        <availability>In Stock: 5</availability>
                        <rating>Rating: 5 Star</rating>
                    </productDetails>
                    <button>Add to Cart</button>
                </giftCard>
                <!-- Gift Card 16-->
                <giftCard category="Gaming" giftCardId="gc-n16">
                    <card cardImage="c16" />
                    <productDetails>
                        <productName>Star Fragments</productName>
                        <validity>
                            <validPeriod period="years">Valid for 1 years</validPeriod>
                            <validRegion location="country">US</validRegion>
                        </validity>
                        <productDescription>Star Fragments Gift Card can be spent on game products in US!</productDescription>
                        <type>Type: eGift Card / Physical</type>
                        <cost currency="Dollar">Price: $200</cost>
                        <paymentType>
                            <online>Online Payment</online>
                            <cOD>Cash on Delivery</cOD>
                        </paymentType>
                        <refundablilty>
                            <refundable>Refundable? Yes</refundable>
                            <refundableTime>Refundable till 10 days</refundableTime>
                        </refundablilty>
                        <discount>5% OFF</discount>
                        <noOfUsers>Users: 2</noOfUsers>
                        <availability>In Stock: 10</availability>
                        <rating>Rating: 4 Star</rating>
                    </productDetails>
                    <button>Add to Cart</button>
                </giftCard>
            </giftCards>
        </division>        
    </borderDesign>
    <storeSocialDetails>
        <!-- Store website icons -->
        <site> https://www.meyocogiftshop.com </site>
        <author> Rabina Shrestha </author>
    </storeSocialDetails>
</meyocoGiftShop>